id,product_name,product_name_es,price
7300400481588,Wasa tartine croustillante fibres,,0.9440909090909092
3387390321357,FITNESS Nature Céréales,,0.9440909090909092
8410376026962,Galletas Digestive Avena choco,Galletas digestive avena choco,2.128181818181818
3387390326468,NESTLE FITNESS Chocolat au lait céréales,Fitness chocolate con leche,3.9295454545454533
8410100025155,Nesquik,Nesquik,4.855714285714286
3387390339505,NESTLE GOLDEN GRAHAMS Céréales,,0.9440909090909092
8410076472946,Tortillas,,0.9440909090909092
8412600009345,Pan de molde natural 100%,Pan de molde natural 100%,4.28090909090909
3270190207696,Emmental Râpé,,0.9440909090909092
8410376000825,Galleta maría ligera sin sal y sin azúcar,Galleta maría ligera sin sal y sin azúcar,4.421818181818182
8412600029343,Bimbo integral 100%natural,Pan integral 100% natural,1.7127272727272724
8410109000658,Cacao puro 0%,Cacao puro 0%,2.5663636363636364
5010029000061,Weetabix,Weetabix,0.0
4001724818908,Ristorante Pizza quattro formaggi,Ristorante Pizza quattro formaggi,2.56
8410128000400,Agua mineral natural,Agua mineral natural,1.219090909090909
8434165482845,Choco Flakes,Choco Flakes,2.194545454545455
3560070157198,Parmigiano reggiano,Parmigiano Reggiano rallado,1.9620000000000002
8410100025131,Nesquik 800g,Nesquik 800g,4.1868181818181816
3560070594351,Fruits & fibres,Fibra 5 frutas y frutos secos,4.421818181818182
3270190114055,Cookies Choco Noisettes,"Galletas Choco, avellanas",2.3381818181818184
8410184800150,Arroz integral,Arroz integral,1.5222727272727274
8715035110304,Soy Sauce,Salsa de Soja Naturalmente Fermentada,4.333636363636363
8410066000074,Tomate frito estándar,Tomate frito estándar,1.044090909090909
8410100020549,Nescafé Classic,Nescafé Classic Natural,3.1281818181818184
8410128650315,Classic Soya drink,Bebida de soja Natural,4.421818181818182
8410128169947,Bebida de avena 100% cultivo local,Bebida de avena 100% cultivo local,4.421818181818182
8711100080060,,Harina fina de maíz,3.8327272727272717
5053827185615,Frosties,Frosties,0.0
8410376026979,Digestive Muesli,Digestive Muesli,1.8400000000000003
8410184800068,Arroz basmati,Arroz basmati,1.814545454545455
8410637115671,Tortas de aceite,Tortas de aceite,4.204090909090909
3270190021148,Le Coulommiers,,4.267272727272727
7622210307194,Turrón de chocolate crujiente clásico,Turrón de chocolate crujiente clásico,3.9954545454545443
8411327122016,Cerveza Mahou 5 estrellas,Cerveza Mahou 5 estrellas,4.421818181818182
8000500082379,Nutella,Nutella,2.39
8410793026132,,Estrella Dorada Beer,2.5118181818181826
8410728180120,Lanjarón,Lanjarón,0.0
8410297161780,,Alpro coco,1.9331818181818183
8411327022019,Cerveza mahou,Cerveza mahou,2.8054545454545456
8410376042504,Galletas,Galletas,1.747272727272727
8480017038845,Copos de avena,Copos de avena,3.9490909090909088
8410128660031,Bebida de soja ligera,Bebida de soja ligera,4.421818181818182
3560070823802,Muesli,Muesli,1.7414285714285715
7622210114730,Galletas Digestive,Galletas Digestive,1.8745454545454547
8410300349013,Caldo casero de verduras,Caldo casero de verduras,3.9709090909090903
3017760363396,Mikado - Milk Chocolate,,4.421818181818182
8410505272017,Garbanzos,Garbanzos,1.4813333333333332
3270190020080,Tournesol tartine & cuisson,Margarina de girasol,4.571818181818181
3017760002707,Mikado black night,Mikado,1.8166666666666667
8410118041574,Mostaza,Mostaza,2.052222222222222
8480017005045,Leche semidesnatada,Leche Semi desnatada,3.505909090909091
8410830001214,Arroz integral,Arroz integral,1.5222727272727274
8480017614759,Tortitas de arroz integral,Tortitas de arroz integral,3.922272727272727
7622210114648,Digestive Avena,Digestive Avena,1.9104545454545452
8410173072025,Lasaña fácil,Lasaña fácil,3.005
3560070370344,Bleu,Queso azul,5.208181818181817
8410184030137,Quinoa blanca y roja,Quinoa blanca y roja,4.421818181818182
8410100034140,Chocolate negro para repostería,Chocolate negro para repostería,1.6495454545454549
8410100026824,CHOCAPIC céréales petit déjeuner,Chocapic Original,3.2436363636363637
8410199002006,Patatas fritas al punto de sal Sin Gluten bolsa 170 g,Patatas fritas al punto de sal Sin Gluten bolsa 170 g,4.421818181818182
8410500010614,Danet vainilla,Danet vainilla,2.1359090909090908
8480017073198,Yogur Natural,Yogur Natural,2.0509090909090912
8480017151599,Vegedia bebida de Avena,Vegedia bebida de Avena,4.421818181818182
8480017372017,Dia Muesli De Frutas,Muesli Frutas,1.8150000000000004
8712566166480,Ketchup envase 430 g,Ketchup envase 430 g,4.421818181818182
8480017075314,Tomate frito,Tomate frito,1.044090909090909
3245414174221,Madeleines longues,Magdalenas largas,1.7709090909090905
8480017162663,Nueces,Nueces,1.9842857142857144
8480017779557,El molino de Dia,El molino de Dia,3.9672727272727273
8410500009885,Savia 100%vegetal,Savia 100%vegetal,2.0563636363636366
8413000065764,lentejas,lentejas,1.5666666666666667
8428020267746,Solimon,Solimon,0.0
8480017006080,Leche entera,Leche entera,3.5063636363636363
8410148505930,Natura bebida de nuez vegetal lactosa sin gluten,Natura bebida de nuez vegetal lactosa sin gluten,4.421818181818182
8480017076229,VegeDia Bebida de Soja Light Calcio,VegeDia Bebida de Soja Light Calcio,4.421818181818182
8410118042465,Kétchup original,Kétchup original,3.147272727272727
8480017079374,Yogur griego natural,Yogur griego natural,2.0318181818181813
8480017154132,Pan 15 cereales y semillas,Pan 15 cereales y semillas,4.421818181818182
8480017486660,Pan blanco,,0.9440909090909092
8410376042535,Vitalday - Hazelnut Sandwich Biscuit,Vitalday sandwich de avellana con avena y chips de chocolate,4.421818181818182
7622210981141,Philadelphia con finas hierbas,Philadelphia con finas hierbas,3.7318181818181815
8480017112866,Tortitas de maíz,Tortitas de maíz,3.9463636363636367
8480017024886,Yogurt Sabor Coco,Yogurt Sabor Coco,1.8259090909090907
8480017669568,Corn flakes,,0.9440909090909092
3560070932429,Galettes,Galletas,1.747272727272727
8410376001938,Diet-fibra chocolate,Diet-fibra chocolate,1.6027272727272726
8410184016520,Brillante Sabroz,Brillante Sabroz,1.7879999999999998
8480017099549,Biscuits,María Dorada,2.1350000000000002
8410000005332,Preparado para natillas caseras,Preparado para natillas caseras,2.5759090909090903
8480017001627,Bebida de soja,Bebida de soja,4.421818181818182
8480017007155,Pan De Molde Multicereales,Pan De Molde Multicereales,4.11090909090909
8480017100573,Croissants,,1.0959999999999999
8410664201248,Dulce de Membrillo,Dulce de Membrillo,4.045
8410408070307,Refresco amargo sin alcohol,Refresco amargo sin alcohol,3.3436363636363637
8411190101392,Aceite de oliva virgen extra,Aceite de oliva virgen extra,4.859999999999999
8480017000354,Tortillas de trigo,Tortillas de trigo,3.8236363636363624
8480017432315,Gazpacho,Gazpacho,2.0011111111111117
8480017269959,"Agua mineral Font Natura Dia 1,5 L","Agua mineral Font Natura Dia 1,5 L",4.421818181818182
8480017129512,Crackers,Crackers,2.04
8480017087263,Muesli crujiente con chocolate negro,,2.037727272727272
8480017034045,Yogur estilo Griego,Yogur estilo Griego,1.669090909090909
8410184032025,Benefit arroces quinoa y verdura,Benefit arroces quinoa y verdura,4.421818181818182
84150172,Wieners classic,Wieners classic,2.7072727272727275
8411327722018,Cerveza rubia sin alcohol,Cerveza rubia sin alcohol,2.494545454545454
8480017012326,Garbanzo categoría extra,Garbanzo categoría extra,1.3904545454545454
8412600022825,Pan de molde integral,Pan de molde integral,3.9099999999999997
24000011859,Pineapple Slices in 100% Juice,Piña en rodajas lata 350 g,4.421818181818182
8480017730626,Queso fresco 0 m.g,Queso fresco 0 m.g,4.421818181818182
8480017009500,Grande Pain de mie,,0.9440909090909092
8480017593047,Colines integrales,Colines integrales,1.5736363636363633
8480017048530,Salsa Kétchup - Dia - 560 G,Salsa Kétchup - Dia - 560 G,4.421818181818182
8410095007013,Tomate Frito,Tomate Frito,1.044090909090909
8480017106773,Tomate frito sin gluten,Tomate frito sin gluten,2.3268181818181817
8480017268242,Queso fresco,Queso fresco,1.884545454545455
3560070328888,Spaghetti,Spaghetti,0.0
8410376039207,Galletas dibus Angry Birds,Galletas dibus Angry Birds,1.7245454545454544
8410770100022,Risotto de hongos,Risotto de hongos,4.158181818181817
8410066071067,Salsa de mostaza,Salsa de mostaza,4.014545454545455
8480017475923,Maíz dulce,,0.9440909090909092
8480017075192,Yogurt Natural Edulcorado,Yogur Desnatado Edulcorado Natural,2.497727272727273
8480017033840,Pan de pueblo integral,Pan de pueblo integral,3.7972727272727265
8480017056849,yogurt 0% con piña,,1.7404545454545457
8422174010067,Salmorejo envase 1 l,Salmorejo envase 1 l,4.421818181818182
8480017836489,Digestive,Digestive,1.8
8480017006073,Leche desnatada,Leche desnatada,3.505909090909091
8480017015242,Quesitos,,0.0
8480017372031,Muesli,,0.9440909090909092
8480017532220,Cereales fibre flakes,,0.9440909090909092
8480017506900,Zumo de naranja exprimida con pulpa,Zumo de naranja exprimida con pulpa,3.9445454545454535
8480017063526,Cacahuetes con cáscara,Cacahuetes con cáscara,1.7377272727272723
8480017443694,Magdalenas redondas,,1.789090909090909
8480017230669,Cacahuete frito salado,Cacahuete frito salado,1.994090909090909
8000300371031,Milkybar,Milkybar,0.0
8480017588098,Lentejas,Lentejas,1.5666666666666667
8480017075086,Atún claro natural,Atún claro natural,3.1127272727272737
8410408050231,KAS NARANJA,KAS NARANJA,1.8272727272727278
8480017053879,Pan tostado integral,,1.4249999999999998
8480017020307,Palomitas,Palomitas,1.32125
8480017076373,Natillas de vainilla,Natillas de vainilla,3.9731818181818173
8410000000030,Extra galletas con pepitas xl de chocolate,Extra galletas con pepitas xl de chocolate,4.273636363636363
8480017183040,Maria fibra,Maria fibra,1.554545454545454
3162089610017,Patatas fritas lisas,Patatas fritas lisas,1.5063636363636363
8480017085917,Yogur tipo griego con fresa,Yogur tipo griego con fresa,1.5836363636363635
8480017075185,Natural,Natural,2.037272727272727
8480017172853,Stevia Vital Dia,Stevia Vital Dia,2.181818181818182
8480017044532,Edulcorante,,0.9440909090909092
7613034139702,Nesquik Extra Choc,Nesquik Extra Choc,3.2099999999999995
8480017049117,Pisto con Calabacín,Pisto con Calabacín,1.6972727272727275
8480017120083,Galleta Relieve,,0.9440909090909092
8436000037456,Pan de dátil con nueces,Pan de dátil con nueces,4.069090909090909
8480017004802,Galleta tostada,Galleta tostada,1.984545454545455
8480017092991,Digestive avena,Digestive avena,1.9104545454545452
8413164009888,Palitos de cereales con olivas y sésamo,Palitos de cereales con olivas y sésamo,4.421818181818182
8480017346155,Café soluble,Café soluble,4.703636363636363
8480017455000,Tomate frito casero,Tomate frito casero,1.1636363636363636
8480017743053,Pétales de riz et blé complet,,0.9440909090909092
8480017541277,Caldo de pollo,Caldo de pollo,3.9963636363636357
8480017172020,Bebida de almendras,Bebida de almendras,4.421818181818182
8480017079770,Griego Natural Azucarado,Griego Natural Azucarado,1.9172727272727272
8480017012210,Tomate frito,Tomate frito,1.044090909090909
8480017012333,Alubias blancas cocidas en conserva,Alubias blancas cocidas en conserva,3.0786363636363645
8480017006646,Queso fundido en lonchas,,0.9440909090909092
8480017727916,Yogur Platano,Yogur Platano,1.5559090909090911
8480017371768,Vital Fruits et Fibres,,0.9440909090909092
8480017014047,Pipas gigantes al punto de sal,Pipas gigantes al punto de sal,4.152727272727272
8480017555755,Margarina vitaminada,Margarina vitaminada,2.4521052631578946
8410762221650,Pizza de pollo,Pizza de pollo,4.266363636363635
8480017075215,Yogur sabor limao,Yogur sabor limao,1.5463636363636362
8411145201870,Picos Integrales,Picos Integrales,1.1827272727272726
8480017142115,Leche desatada sin lactosa,Leche desatada sin lactosa,4.054090909090909
8480017003263,Tomate Triturado Categoría Extra,Tomate Triturado Categoría Extra,1.1836363636363636
8480017506603,Thon albacore au naturel,,0.9440909090909092
8480017111852,Chocolate negro sin azúcares,Chocolate negro sin azúcares,2.6899999999999995
8480017001511,Arroz Categoría Extra,Arroz Categoría Extra,1.7454545454545458
8480017034540,Anacardos al punto de sal,,0.9440909090909092
8410770022058,Sopa juliana,Sopa juliana,1.255
8480017130969,Mozzarella rallada,Mozzarella,1.4380000000000002
8410109000115,Chocolate puro avellanas 52% cacao,Chocolate puro avellanas 52% cacao,2.407272727272727
8480017064110,Vital,Vital,1.7386363636363635
3560070582853,Stylesse chocolat noir,Sylesse chocolate,2.2495454545454545
7622210989673,Mikado king - Biscuits nappés de chocolat,Mikado king,2.4072727272727277
8480017138989,Grana Padano,Grana Padano,3.1345454545454547
8480017007148,Croissants Rellenos de crema de cacao y avellanas,,0.9440909090909092
8480017028440,Atun claro oliva,Atun claro oliva,3.267272727272727
8480017537201,Mayonesa,Mayonesa,1.6295454545454546
8480017333650,Puré de patatas,Purée naturel,2.0918181818181814
8480017001047,"Aceite de Oliva, acidez ≤ 0,4°","Aceite de Oliva, acidez ≤ 0,4°",4.421818181818182
8480017048813,Galletas cookies,Galletas cookies,2.5827272727272725
8480017011411,Tostas de trigo Integral,Tostas de trigo Integral,3.8740909090909086
8480017187253,Pistachos Tostados - Dia - 200 G,Pistachos Tostados - Dia - 200 G,4.421818181818182
8480017001924,Lager,Lager,2.5252941176470585
8480017168856,Cacao solubre  0%,,0.9440909090909092
8480017006905,Biscuit fourré goût Chocolat,Biscuit fourré goût Chocolat,2.0422727272727275
8480017169303,Pan con cereales y trigo,Pan con cereales y trigo,4.421818181818182
8480017001016,Aceite refinado de girasol,Aceite refinado de girasol,4.335454545454545
8480017751553,Salteado campestre,Salteado campestre,1.9649999999999999
8480017172013,Bebida de arroz,Bebida de arroz,4.421818181818182
8480017002389,Soluble al cacao,Soluble al cacao,4.261363636363636
8410344320016,Aceitunas negras cacereñas sin hueso,Aceitunas negras cacereñas sin hueso,2.545909090909091
8480017000699,Queso tierno light,Queso tierno light,2.8200000000000003
8480017151889,Queso fundido lonchas light,,1.865454545454545
8480017207722,Gelatina alto contenido en proteinas,Gelatina alto contenido en proteinas,3.589090909090908
8480017174567,Quinoa,Quinoa,1.72
8410728100036,Agua sport,Agua sport,2.3422727272727273
8480017153647,Pan tostado,Pan tostado,1.4645454545454548
8480017092984,Galletas Digestive Soja & Frutas,Galletas Digestive Soja & Frutas,1.7595454545454543
8480017057167,Batido cacao,Batido cacao,2.16909090909091
8480017073433,,,4.421818181818182
11210115644,Tabasco,Tabasco,0.0
8410087060705,Bocaditos,Bocaditos,1.5875
8480017073204,Yogur natural azucarado,Yogur natural azucarado,2.125454545454545
8480017747716,Ketchup light,Ketchup light,1.9304545454545456
8480017106872,Tomate pelado troceado,,0.9440909090909092
8480017555762,Margarina vitaminada con sal,Margarina vitaminada con sal,1.7404545454545455
8480017002976,Miel de flores,Miel de flores,4.599545454545454
8480017331175,Espirales tricolor,,0.9440909090909092
8410770140011,Sopa de quinoa deshidratada,Sopa de quinoa deshidratada,3.773636363636362
8480017173751,Tostadas,,0.9440909090909092
8480017102195,Lentejas con verduras,Lentejas con verduras,2.104090909090909
8480017012944,Canela molida,Canela molida,1.6236363636363635
8480017054227,,,4.421818181818182
8480017175311,Delicious chips de hortalizas,Delicious chips de hortalizas,4.088181818181817
8480017169723,Aguacate,Aguacate,2.5766666666666667
8480017192592,Chocolate negro,Chocolate negro,1.8131818181818182
8480017439482,Barritas de cereales con Avellanas,Barritas de cereales con Avellanas,3.974545454545456
8480017102843,Línea frutos rojos,,0.9440909090909092
8480017023728,Havarti light,Havarti light,2.094545454545455
8480017192585,Chocolate negro,Chocolate negro,1.8131818181818182
8480017015778,,,4.421818181818182
8480017056566,Queso Fresco Estilo Tradicional,Queso Fresco Estilo Tradicional,1.8990909090909085
8480017829559,Gazpacho,Gazpacho,2.0011111111111117
8480017187451,Salmorejo,Salmorejo,1.9033333333333333
3560070398287,Raclette,Raclette,0.0
8412900401009,Rooibos con vainilla,Rooibos con vainilla,2.0468181818181823
8480017679291,Pétales de riz et blé complet chocolat noir,,0.9440909090909092
8480017003027,Aceitunas Rellenas de Anchoa,,0.9440909090909092
8480017063489,Vital postre de soja chocolate,Vital postre de soja chocolate,3.9268181818181813
8480017818003,Azúcar moreno de caña integral,Azúcar moreno de caña integral,3.964545454545453
8410300357537,Crema Calabaza,Crema Calabaza,2.2672727272727267
8480017029638,Crema de verduras,Crema de verduras,3.9309090909090894
8410196051380,Galletas B-SAN Integral Chocolate sin azúcares añadidos,Galletas B-SAN Integral Chocolate sin azúcares añadidos,2.8577272727272724
8480017073235,Yogur natural azucarado,Yogur natural azucarado,2.125454545454545
8480017004222,Vinagre de vino,,0.9440909090909092
8410721113040,Almejas blancas al natural,Almejas blancas al natural,2.139545454545455
8480017565860,Salsa de mostaza,Salsa de mostaza,4.014545454545455
8410091103634,Infusión frutal frambuesa rooibos,Infusión frutal frambuesa rooibos,1.9013636363636364
8480017016669,Champiñones laminados,Champiñones laminados,1.583684210526316
8480017026941,Gouda en tranches,Gouda en tranches,3.8681818181818186
8480017081773,Queso para untar,,0.9440909090909092
8480017015532,Chocolate negro,Chocolate negro,1.8131818181818182
8480017095671,Nata para cocinar,Nata para cocinar,1.6699999999999997
8410091066076,Té latte chai,Té latte chai,3.7781818181818183
8001860254222,Riso arborio risotto,Riso arborio risotto,1.645
8480017002303,Café soluble descafeinado,Café soluble descafeinado,2.994545454545454
8480017004697,Galletas Maria,,0.9440909090909092
8410770800014,Cous cous marroquí,Cous cous marroquí,1.59
8480017078872,Cola,,0.9440909090909092
8480017271952,Cuajada,Cuajada,1.69
8480017323125,Couscous,,0.9440909090909092
8480017104458,Chops choc original,,0.9440909090909092
24050357,Pimientos del Piquillo con Ajo,Pimientos del Piquillo con Ajo,1.4986363636363635
8480017092656,Gofres,,0.9440909090909092
3245413812322,Liégeois saveur vanille,Liégeois saveur vanille,0.0
8480017269911,Atún claro oliva,Atún claro oliva,3.267272727272727
8480017001054,Aceite de oliva - 1,,4.421818181818182
8480017439468,Barres de cereales,,0.9440909090909092
8480017041180,Asperges entières,Esparragos Blancos Gruesos,2.911818181818182
8410705014400,Porras prefritas,Porras prefritas,1.1766666666666667
8480017001979,Cacao instantáneo,Cacao instantáneo,3.4740909090909096
8480017052025,Aceite de oliva Virgen extra Dia,Aceite de oliva Virgen extra Dia,5.475454545454546
8480017104465,crema al cacao con avellanas,crema al cacao con avellanas,2.2590909090909097
8410109110524,Chocolate negro 70% naranja,Chocolate negro 70% naranja,2.0827272727272725
8480017582379,Chocolate negro con almendras,Chocolate negro con almendras,1.9981818181818183
8480017169297,Cookies,,0.9440909090909092
8480017077813,Mermelada de Fresa extra,Mermelada de Fresa extra,3.8790909090909085
8480017088178,Salchicha Frankfurt,Salchicha Frankfurt,1.9827272727272727
7613033114304,Tomate frito,Tomate frito,1.044090909090909
8480017072122,Avellana tostada,Avellana tostada,1.9886363636363635
8480017005052,Harina de Trigo,Harina de Trigo,3.7918181818181806
8480017045461,Mozzarella,Mozzarella,1.4380000000000002
8480017045423,Filete de Bacalao,Filete de Bacalao,4.494545454545453
8480017077547,Palomitas para microondas,Palomitas para microondas,1.7045454545454548
8480017224729,Pepinillos en vinagre,Pepinillos en vinagre,2.9740909090909087
8480017488886,Bebida lactea,Bebida lactea,4.416818181818182
3175681079502,Bebida de avena Calcio,Bebida de avena Calcio,4.421818181818182
8480017371997,Chops Choc Rice,,0.9440909090909092
8480017624031,Palitos de surimi,,0.9440909090909092
8480017015303,Tiras de Maiz,,0.9440909090909092
8480017080387,Zumo 100% Naranja Exprimida,Zumo 100% Naranja Exprimida,1.8640909090909092
8480017069429,,Patatas Fritas Onduladas,1.4872727272727275
3560070423941,Carrefour Les carrés fondants Chocolat noir Fourrage Mousse,Chocolate Negro,1.8131818181818182
8480017132932,Cookies,,0.9440909090909092
8480017027665,Yogur stracciatella,,0.9440909090909092
8480017565884,Pan tostado - pain grillé complet au sésame,,4.421818181818182
8480017130686,Choco aros white,,0.9440909090909092
8480017038715,Magdalenas cuadradas,,0.9440909090909092
8437000752011,Rollitos de primavera,Rollitos de primavera,4.052727272727272
8480017458711,Parmesan,Parmesan,2.39
8412016160159,Levadura de cerveza desamargada,Levadura de cerveza desamargada,4.278181818181817
8480017174666,Muesli extra,Muesli extra,1.6072727272727272
8480017381095,Barra de pan,Barra de pan,3.6468181818181815
8480017071293,Lomo Embuchado,Lomo Embuchado,3.205909090909091
8480017042545,Hola Cola Zero,Hola Cola Zero,1.7754545454545456
8480017096579,Zumo de piña manzana y uva,Zumo de piña manzana y uva,4.421818181818182
8480017046314,Batido fresa,Batido fresa,2.173636363636364
8410109000016,Chocolate Valor Puro,Chocolate Valor Puro,3.4927272727272727
3281780876345,Tabulé oriental,Tabulé oriental,1.662307692307692
8480017123602,Aceite de oliva virgen extra &quot;Dia&quot;,Aceite de oliva virgen extra &quot;Dia&quot;,4.859999999999999
8480017465863,Guisante muy fino,Guisante muy fino,2.7095454545454545
8480017121523,Zumo Fruta & Leche TROPICAL,Zumo Fruta & Leche TROPICAL,1.69
8434532495140,Burguer XL,Burguer XL,2.1268181818181824
8480017403810,Pan Hot Dog,Pan Hot Dog,0.8654545454545454
3560070290819,Tartelettes,Tartaletas albaricoque,1.6825
8410092016759,Espinacas al ajillo,Espinacas al ajillo,1.9836363636363634
3560070582761,Stylesse Frutos Rojos,Stylesse Frutos Rojos,2.1609090909090907
8480017032669,Chocolate Postres,Chocolate Postres,1.5445454545454547
8480017162960,Emmental,Emmental,2.5
8480017506894,Zumo y leche tropical,,0.9440909090909092
8480017012111,Liégeois café,,0.9440909090909092
8480017817983,Sucre blanc,Azúcar blanco,3.255454545454546
8480017512093,Lazos,Lazos,0.0
8480017510662,Edulcorant,,0.9440909090909092
8480017085948,Turrón de Jijona,Turrón de Jijona,3.986363636363635
7613034632715,Callos a la madrileña,Callos a la madrileña,4.421818181818182
8480017002426,L. Casei Natural,L. Casei Natural,4.291363636363638
8480017000743,Yogurt con melocoton desnatado,Yogurt con melocoton desnatado,1.8145454545454547
8480017465986,Pimientos del Piquillo en tiras con ajo,Pimientos del Piquillo en tiras con ajo,3.260454545454545
8480017099068,Mayonesa light,Mayonesa light,1.9527272727272724
8480017046321,Batido de vainilla,,0.9440909090909092
8480017420671,Bifidus con piña,Bifidus con piña,1.642272727272727
8480017157027,Hogaza centeno,Hogaza centeno,1.79
8480017011442,Biscotes integrales,Biscotes integrales,1.7399999999999998
8480017258939,Aguacates Sol Málaga,Aguacates Sol Málaga,3.9486363636363637
8480017528681,Bifidus edulcorado 0%,Bifidus edulcorado 0%,1.9599999999999995
8480017029621,Crema de calabacín con queso,,0.9440909090909092
8480017791559,Salsa barbacoa,Salsa barbacoa,1.624090909090909
8480017346094,Calcio Leche semidesnatada UTH,,0.9440909090909092
8480017061911,Salsa de soja,Salsa de soja,4.124545454545454
8480017574619,Guisantes,Guisantes,2.269444444444444
8412883019468,Pimentón de La Vera dulce,Pimentón de La Vera dulce,4.421818181818182
8480017029652,Crema de calabaza,Crema de calabaza,3.9804545454545446
8480017054340,Natillas con galleta,Natillas con galleta,1.9204545454545459
8480017134424,Arándano Rojo,Arándano Rojo,2.4718181818181817
8480017083890,Miel de fleurs,Miel de flores,4.599545454545454
8480017160737,Conos de maíz sabor queso y bacon,Conos de maíz sabor queso y bacon,4.421818181818182
8480017170293,Almendras con piel,,0.9440909090909092
8480017304797,Pizza Jamón y Queso,Pizza Jamón y Queso,4.421818181818182
8480017469236,Mousse chocolat,Mousse chocolat,2.319545454545455
8480017438416,Palitos horno,,0.9440909090909092
8722700231974,Calippo sabor fresa,Calippo sabor fresa,2.889545454545455
8480017066305,Albóndigas,Albóndigas,1.19
3560070287895,Koenigsbier,Koenigsbier,0.0
8480017180452,Duo - Pâte à tartiner au cacao et aux noisettes,,0.9440909090909092
8480017577979,Leche condesada,Leche condesada,6.286363636363635
8480017139740,Mini tortilla con cebolla,,0.9440909090909092
8480017743398,Arroz Tres Delicias Tradicional,Arroz Tres Delicias Tradicional,1.7877272727272724
8480017107121,Semillas de girasol con cáscara tostadas con sal gigantes,Semillas de girasol con cáscara tostadas con sal gigantes,4.029090909090909
8480017092908,Pastas bolachas,Pastas bolachas,0.9281818181818179
8480017011749,Pan de pipas,Pan de pipas,3.8259090909090903
8480017167316,Café natural,Café natural,2.9004545454545454
8480017293954,Bonito del norte oliva,Bonito del norte oliva,5.905909090909091
8480017786739,Brioche,,0.9440909090909092
8480017169242,Chops choc cream,Chops choc cream,2.5331818181818186
8480017524836,Bacon En Tiras,Bacon En Tiras,3.5868181818181815
8480017564443,Pizza 4 quesos,Pizza 4 quesos,4.421818181818182
8480017095084,Sal marin de table,Sal marina de mesa,3.730909090909091
8424219030085,4 Burgers de pollo,4 Burgers de pollo,4.421818181818182
8480017077325,Mermelada de melocotón extra dia,Mermelada de melocotón extra dia,3.9568181818181816
8480017111937,Alcachofa corazones,Alcachofa corazones,2.645333333333333
8410100002309,Leche condensada sirve fácil,Leche condensada sirve fácil,4.964545454545454
8480017084408,Surtido de barquillos,Surtido de barquillos,4.063636363636363
8480017266422,Néctar de naranja light,Néctar de naranja light,3.8890909090909087
8480017002709,Melocotones en almíbar,Melocotones en almíbar,3.2036363636363636
8480017063533,Cóctel frutos secos,,0.9440909090909092
8480017119414,Céréales solubles,,0.9440909090909092
8480017280954,Agua mineral natural,,0.9440909090909092
8410173001018,Cannelloni,Cannelloni,0.0
8480017076892,Pepinillos agridulces,Pepinillos agridulces,1.4933333333333332
8480017087287,Tostadas con tomate y orégano,Tostadas con tomate y orégano,4.421818181818182
8480017139801,Tortilla de Patata fresca con cebolla,Tortilla de patata fresca con cebolla,4.08681818181818
8480017439222,Sardinillas,,0.9440909090909092
8480017512628,Chipirones rellenos en salsa americana,Chipirones rellenos en salsa americana,3.535454545454546
8480017176332,Pistachos tostados - Dia - 500 G,Pistachos tostados - Dia - 500 G,4.421818181818182
8480017075109,Atún girasol,Atún girasol,2.374545454545455
8480017152404,Postre de soja con frutas del bosque,Postre de soja con frutas del bosque,3.939090909090909
8480017201195,Gazpacho suave,Gazpacho suave,2.290000000000001
8480017033871,Flan de huevo al baño maría,Flan de huevo al baño maría,4.1513636363636355
8436033825266,Salsa sin huevo y sin lactosa,Salsa sin huevo y sin lactosa,4.421818181818182
8480017038708,Ensalada variada,Ensalada variada,1.516818181818182
8480017146755,Maíz pequeño frito sabor barbacoa,,0.9440909090909092
8480017210708,Yogur líquido con fresa,Yogur líquido con fresa,2.2218181818181817
8480017147493,Bases de pizza,Bases de pizza,4.053636363636363
8480017060068,Leche condensada dia,,3.7818181818181813
8436007950789,Pimientos rojos,Pimientos rojos,1.4740909090909091
8480017505699,Ice tea,,0.9440909090909092
8480017446190,Gelatina sabor fresa,Gelatina sabor fresa,2.420000000000001
8480017762238,Boules au chocolat,Chops choc balls,2.3354545454545454
8480017006912,Zumo de Naranja,,4.033636363636362
8480017013668,Mayonese,Mayonese,1.6295454545454546
8410014307682,Napolitanas,Napolitanas,1.49
8480017055439,Palitos,Palitos,1.511818181818182
8480017121578,Torta de aceite de oliva,Torta de aceite de oliva,4.835909090909091
8480017053312,Cerveza Lager,Cerveza Lager,1.2286363636363633
8480017039446,Canónigos - Dia - 100 g,Canónigos - Dia - 100 g,4.421818181818182
8410184019781,Vasito de arroz largo formato XL,Vasito de arroz largo formato XL,4.589090909090908
8480017075550,Paté de Hígado de Cerdo,Paté de Hígado de Cerdo,3.839090909090909
8480017171399,Picos camperos,Picos camperos,1.2872727272727271
8410022109124,Pan de molde estilo artesano,Pan de molde estilo artesano,4.164545454545455
8480017367020,Tagliatelle carbonara,Tagliatelle carbonara,2.2809999999999997
8410074004811,Salto salteado tradicional,Salto salteado tradicional,3.1340909090909093
8480017108050,Zumo y leche mediterráneo,Zumo y leche mediterráneo,4.421818181818182
8480017644497,Energy drink,,0.9440909090909092
8480017013910,Guisantes,Guisantes,2.269444444444444
8480017269966,Agua Mineral Natural Manantial Fuentevera,Agua Mineral Natural Manantial Fuentevera,1.219090909090909
8480017519818,Queso tierno,Queso tierno,2.8390909090909093
8480017017437,Vital snacks multivitaminas,Vital snacks multivitaminas,1.6304545454545454
8480017111197,Bizcocho con frutas y cereales,Bizcocho con frutas y cereales,4.421818181818182
8000920401439,Helado de hielo Lima-Limón,Helado de hielo Lima-Limón,3.7099999999999995
8480017115225,Néctar mango,Néctar mango,2.091363636363637
8480017060549,Néctar light piña,Néctar light piña,1.765
8480017139634,Mermelada de ciruela y kiwi,Mermelada de ciruela y kiwi,4.421818181818182
8480017164148,Pimientos piquillo enteros,Pimientos piquillo enteros,2.100909090909091
8480017009692,Turrón crujiente negro,Turrón crujiente negro,2.1254545454545455
8480017096531,"Zumo de Melocotón, Manzana y Uva","Zumo de Melocotón, Manzana y Uva",4.421818181818182
8480017138996,Queso provolone con oregano,Queso provolone con oregano,2.396363636363637
8480017101259,Néctar Piña,Néctar Piña,1.8913636363636366
8480017017901,Patatas fritas sabor jamón,,0.9440909090909092
8480017462398,Aceitunas verdes enteras &quot;Dia&quot; Variedad Manzanilla,Aceitunas verdes enteras &quot;Dia&quot; Variedad Manzanilla,2.3831818181818187
8480017002587,Mermelada de fresa extra,Mermelada de fresa extra,3.8790909090909085
8480017169235,Wafer relleno de nata,Wafer relleno de nata,3.945454545454545
8480017438911,Gaseosa,,0.9440909090909092
8480017766892,Queso para untar Light,Queso para untar Light,2.0045454545454544
8480017439475,Barres de céréales avec du chocolat au lait,Barritas de cereales con chocolate con leche,4.200909090909092
8480017432551,Pastas de té,,0.9440909090909092
8480017654175,Rollitos de primavera,Rollitos de primavera,4.052727272727272
8480017785831,Caldo de cocido UHT con aceite de oliva virgen extra,Caldo de cocido UHT con aceite de oliva virgen extra,4.859999999999999
8480017087270,"Pan tostado con ajo, perejil y AOVE","Pan tostado con ajo, perejil y AOVE",4.421818181818182
8480017098603,Mermelada de albaricoque extra,Mermelada de albaricoque extra,3.8909090909090907
8480017181183,Delicious chocolate negro con pepitas de cacao caramelizadas,Delicious chocolate negro con pepitas de cacao caramelizadas,3.9704545454545452
8480017333797,Ail semoule,,0.9440909090909092
8480017531995,Ensalada china,Ensalada china,1.5668181818181817
8480017013934,Espinacas cortadas ultracongeladas,Espinacas cortadas ultracongeladas,2.498636363636364
8480017828675,Tableta de chocolate con leche y avellanas,Tableta de chocolate con leche y avellanas,4.421818181818182
8480017512666,Filetes de caballa del Sur en aceite de oliva,Filetes de caballa del Sur en aceite de oliva,4.048181818181818
8410721003945,Orégano hoja 60g,Orégano hoja 60g,3.1677272727272725
8480017056160,Tomates pelées entières,,0.9440909090909092
8480017107350,Bonbons,Bonbons,0.0
8480017077165,Jamón serrano,Jamón serrano,1.5522727272727268
8480017371959,Totters ball,,0.9440909090909092
8480017106148,Tortitas de maiz con chocolate,Tortitas de maiz con chocolate,3.9781818181818185
3560070941964,Barres caramel biscuit,Barritas caramelo galleta,2.145454545454546
8480017579379,Pate Cerdo Ibérico,Pate Cerdo Ibérico,2.2063636363636356
8480017000705,Yogur con frutas fresa,Yogur con frutas fresa,1.4327272727272726
8480017112224,Patatas fritas,Patatas fritas,1.4700000000000002
3023290401149,Bifidus saveur citron,,0.9440909090909092
8413164006009,Semillas de girasol con cáscara tostadas aguasal,Semillas de girasol con cáscara tostadas aguasal,4.172272727272727
8480017009678,Cortezas de trigo,,3.7572727272727264
8480017114679,Naranjas,Naranjas,1.4313636363636366
8480017196637,Copos de levadura de cerveza,Copos de levadura de cerveza,4.278181818181817
8480017480958,Mascarpone (42% MG) - 250 g - Dia,,0.9440909090909092
8480017039071,Salsa bechamel,Salsa bechamel,1.7227272727272727
8425991411949,Granizado de café,Granizado de café,4.369999999999998
8480017102683,Batido Sustitutivo de comida,,0.9440909090909092
8480017288097,Arroz vaporizado,Arroz vaporizado,1.8340909090909094
8480017432285,Zumo de manzana a partir de concentrado,,0.9440909090909092
8437001960361,Pisto tradicional,Pisto tradicional,3.1540909090909097
8480017064066,Dia flash,Dia flash,3.92
8480017496089,Ketchup,Ketchup,1.6580000000000001
8410092106542,setas con ajo y perejil,setas con ajo y perejil,4.421818181818182
8436025851952,Olivada olives negres,Olivada olives negres,5.640000000000001
42717508,Atún claro al Natural Dia,Atún claro al Natural Dia,3.063181818181818
7622210243461,Cacao en polvo desgrasado,Cacao en polvo desgrasado,3.3431818181818187
8480017172327,ACEITE DE OLIVA VIRGEN EXTRA-PICUAL,ACEITE DE OLIVA VIRGEN EXTRA-PICUAL,4.723636363636363
8480017729019,Salsa Mexicana,,0.9440909090909092
8480017200563,Pizza Kit,Pizza Kit,2.4636363636363634
8480017432292,Jus d'orange,Jus d'orange,2.4518181818181826
8480017161352,Melón amarillo,Melón amarillo,2.130666666666667
8480017011251,Salteado de setas y champiñones congeladas Dia,Salteado de setas y champiñones congeladas Dia,4.421818181818182
8480017522085,Espagueti,Espagueti,1.5699999999999998
8480017086167,Maiz gigante sabor BBQ,Maiz gigante sabor BBQ,1.5254545454545456
8420321076812,Tenders,Tenders,0.0
8480017180445,Pâte à tartiner Original,,4.421818181818182
8410175043498,Mermelada de calabaza &quot;Hero&quot; Temporada,Mermelada de calabaza &quot;Hero&quot; Temporada,3.9804545454545446
8480017420657,Bífidus con fresa 0%,Bífidus con fresa 0%,1.5159090909090907
8480017828668,Chocolate blanco,Chocolate blanco,2.3531818181818185
8480017178916,Saefinillsd en aceite picante,Saefinillsd en aceite picante,3.263636363636363
8480017106346,Confiseries gélifiées,,0.9440909090909092
8480017405647,Sorbete limón,Sorbete limón,1.095909090909091
8428986002009,Higos secos,Higos secos,5.532727272727272
8480017077561,Palomitas sabor mantequilla,Palomitas sabor mantequilla,1.8722727272727275
8480017279330,Lentejas con Chorizo,Lentejas con Chorizo,2.475909090909091
8480017009685,Sticks de patata batata,Sticks de patata batata,3.861363636363636
8480017329424,Brocolis,Brocolis,1.8533333333333333
8480017102423,Alcachofa ultracongelada,Alcachofa ultracongelada,3.13
8480017089182,Habas babys ultracongeladod,Habas babys ultracongeladod,2.475454545454546
8480017093578,Aceituna verde,Aceituna verde,1.6586363636363637
8421022151006,Endibias,Endibias,0.0
8480017546081,Nata para cocinar culinaria,Nata para cocinar culinaria,1.6699999999999997
8437010147555,Judias verdes,Judias verdes,1.7736363636363632
8480017747297,Liguine-Tallarines,Tallarines,1.78
8480017630902,Queso Mini Tierno Cabra,Queso Mini Tierno Cabra,3.147272727272728
8432094001830,Queso extremeño de cabra al pimenton de la Vera,Queso extremeño de cabra al pimenton de la Vera,4.421818181818182
8480017002297,Café soluble descafeinado,Café soluble descafeinado,2.994545454545454
8480017008527,Aiderez,,0.9440909090909092
8410175056856,Mermelada de mango de temporada,Mermelada de mango de temporada,4.1540909090909075
5000289930048,Gordon's sin alcohol,Gordon's sin alcohol,3.3436363636363637
8480017582362,Chocolate negro con avellanas,Chocolate negro con avellanas,1.9990909090909086
8480017211224,Bloque 3 gustos,Bloque 3 gustos,4.421818181818182
8480017347190,Chocolat au lait aux amandes entières,,0.9440909090909092
8480017026798,Muesli bio,,0.9440909090909092
3560070942749,Noix de cajou grillées et salées,Anacardos fritos y salados,4.421818181818182
8480017167880,arroz integral,arroz integral,1.5222727272727274
8480017038722,Magadalena valenciana,,0.9440909090909092
8480017087232,Chops choc duo - Céréales de blé et de riz extrudés,,0.9440909090909092
8480017517135,Cebolla cortada,Cebolla cortada,1.654090909090909
8480017399984,Pate finas hierbas dia,Pate finas hierbas dia,3.072272727272727
8480017136275,Naranja especial zumo,Naranja especial zumo,1.756818181818182
8480017155009,Mayonesa,,0.9440909090909092
8480017438676,Bebida Refrescante de zumo de naranja,Bebida Refrescante de zumo de naranja,4.421818181818182
8410223908496,Turrón de chocolate,Turrón de chocolate,4.1899999999999995
8480017085931,Turrón de Alicante,Turrón de Alicante,3.986363636363635
8480017535122,Papel higienico fresh,,0.9440909090909092
8480017054920,Mousse nueces,Mousse nueces,2.231363636363636
8424523110107,Cebolla frita 6 oz.( packx2),Cebolla frita 6 oz.( packx2),4.421818181818182
8480017390219,Espetec - Fuet Extra,Espetec - Fuet Extra,4.421818181818182
8480017026750,Super,,0.9440909090909092
8480017019189,Bolleria al cacao,Bolleria al cacao,2.205
8410090061065,Atún en salsa de tomate,Atún en salsa de tomate,3.813636363636364
8480017075758,Sorbete Sabor Frutas,Sorbete Sabor Frutas,1.548636363636364
8480017496942,Cocido,,0.9440909090909092
8480017052711,Crepes,Crepes,0.0
8480017195142,Dia Yogur Melocoton y Maracuyá,,0.9440909090909092
8480017194787,Masa de hojaldre,Masa de hojaldre,3.8718181818181807
8480017501714,Ventresca atun claro,,0.9440909090909092
8480024739711,Piña en rodajas,Piña en rodajas,3.3822727272727264
8410426350054,Datines deglet nour en rama de tunez,Datines deglet nour en rama de tunez,3.7981818181818183
2500321003455,Escalopín adobado de pechuga,Escalopín adobado de pechuga,4.749545454545454
8480017034403,Cacahuetes au miel,Cacahuetes con miel,2.387272727272727
8480017181176,Chocolate negro con naranja confitada,Chocolate negro con naranja confitada,2.140454545454545
8480017140333,"Brócoli, coliflor y zanahoria","Brócoli, coliflor y zanahoria",4.421818181818182
8480017153760,Delicious cheesecake con mermelada de fresa y galleta,Delicious cheesecake con mermelada de fresa y galleta,4.421818181818182
8410091069497,Té slim,Té slim,1.4836363636363636
8410133129318,Judiones cocidos en conserva Tipo Granja,Judiones cocidos en conserva Tipo Granja,3.471363636363637
8480017079336,Helado de agua,Helado de agua,4.168181818181818
8437009074480,Patatas a lo pobre,Patatas a lo pobre,4.421818181818182
8480017023094,Agua Mineral Natural Fuencisla,Agua Mineral Natural Fuencisla,1.219090909090909
8437000305019,Brócoli,Brócoli,1.71
8410133122425,Alubias,Alubias,1.5350000000000001
8480017067364,Aceituna negra con hueso,Aceituna negra con hueso,1.755454545454546
8480017097651,Fideos chinos de pollo,Fideos chinos de pollo,3.86
8480017211194,4 frutos exóticos,4 frutos exóticos,4.421818181818182
8480017195135,Yogurt Frutas del bosque,Yogurt Frutas del bosque,1.7895454545454548
8480017087799,Frutas Deshidratadas,Frutas Deshidratadas,1.4036363636363638
8480017236722,Yogur bifidus frutos del bosque,Yogur bifidus frutos del bosque,1.836818181818182
8480017086242,Queso de mezcla viejo,Queso de mezcla viejo,4.387272727272727
8427603060507,Pepino,Pepino,1.14
8480017129437,Vital linea,,1.8113636363636365
8480017533975,Arroz Basmati,Arroz Basmati,1.814545454545455
8480017102904,Zumo y leche,Zumo y leche,4.421818181818182
8480017333865,Dia Ground Black Pepper,,0.9440909090909092
8480017079015,Bebida para deportistas,,0.9440909090909092
8480017142092,Leche Semidesnatada esterilizada,Leche Semidesnatada esterilizada,3.5054545454545463
8480017605252,Parrillada de verduras con gambas,Parrillada de verduras con gambas,3.954090909090908
8480017438720,Cola Light - Sin cafeína,Cola Light - Sin cafeína,4.421818181818182
8480017171306,Camperos integrales,,0.9440909090909092
8410092017916,Menestra tradicional,Menestra tradicional,3.281904761904762
8410091024953,Rooibos con especias,Rooibos con especias,1.4463636363636363
8480017109309,DELICIOUS Patatas fritas con aceite de oliva,DELICIOUS Patatas fritas con aceite de oliva,4.028181818181817
8480017076489,Aros de maíz &quot;Dia&quot;,Aros de maíz &quot;Dia&quot;,3.925
8480017121028,,,4.421818181818182
2623667033198,Escalopes de dinde Halal (x 3) extra fines,,0.9440909090909092
8410133110514,Lenteja pardina,Lenteja pardina,1.581111111111111
8480017075376,Aceitunas verdes partidas aliñadas a la gazpacha &quot;Dia&quot; Variedad Manzanilla,Aceitunas verdes partidas aliñadas a la gazpacha &quot;Dia&quot; Variedad Manzanilla,4.421818181818182
8480017052094,Aceite de oliva virgen extra Frutado,Aceite de oliva virgen extra Frutado,4.859999999999999
8480017333803,Curry,Curry,0.0
8480017166975,Tomato Frito Vital,,1.1677272727272727
8480017173041,Bonito del norte en escabeche,Bonito del norte en escabeche,4.117272727272726
8410954000278,Brotes germinados,Brotes germinados,1.05
8480017175649,Miel de romero,Miel de romero,4.451818181818181
8480017165435,Zanahoria en tiras,Zanahoria en tiras,3.354545454545455
8413030200036,Zanahorias,Zanahorias,1.977272727272728
8480017288288,Snack Nachos Tex Mex,Snack Nachos Tex Mex,1.6968181818181818
8480017210388,Lasaña boloñesa,Lasaña boloñesa,2.455714285714286
8480017670380,Crema de manos,,3.9131818181818177
8410770100091,Risotto mediterráneo,Risotto mediterráneo,1.4718750000000003
8480017645050,Pera conferencia,Pera conferencia,2.462727272727273
8480017519795,Queso Semi curado,Queso Semi curado,4.003636363636364
8480017371676,Cereales Fibre,Cereales Fibre,1.6245454545454543
8480017167934,Natillas de chocolate con bizcocho,Natillas de chocolate con bizcocho,4.06090909090909
8480017157508,Tomate triturado con cebolla,Tomate triturado con cebolla,1.3472727272727274
8480017233905,Lasaña Boloñesa,Lasaña Boloñesa,2.455714285714286
8480017029607,Pastillas de caldo de pollo,Pastillas de caldo de pollo,3.856363636363636
8480017347220,Chocolate con leche y avellanas,Chocolate con leche y avellanas,4.421818181818182
8480017431356,Surtido de encurtidos Dia,Surtido de encurtidos Dia,4.029090909090908
8424631100021,CHAMPIÑONES LAMINADOS,CHAMPIÑONES LAMINADOS,1.583684210526316
8480017016751,Ensaimadas,,0.9440909090909092
8424059002013,Framboises,Frambuesas,2.271666666666667
8480017194046,Cebolla,Cebolla,1.4616666666666667
3560070581153,Koenigsbier,Koenigsbier,0.0
8480017495501,Caldo de carne,Caldo de carne,3.864545454545454
2402146006386,Escalopines de pavo marinados,Escalopines de pavo marinados,4.366818181818181
8480017013378,Chocolat noir aux écorces d'orange confites. 70% cacao,Chocolate negro con piel de naranja confitada 70% cacao,4.172272727272728
8480017058577,Olives vertes dénoyautées,,0.9440909090909092
8480017090881,Spaghetti Semi complet Bio,,0.9440909090909092
8480017759054,Mini cracker salvado,Mini cracker salvado,2.02
8480017005151,Fideo,Fideo,1.306363636363636
8436007951816,Rodaja de piña en su jugo,,4.2263636363636365
8480017070500,Mazapan de soto (Dia),Mazapan de soto (Dia),4.44
8480017696564,Endulzante Dietético,Endulzante Dietético,2.510909090909092
8480017193247,Turrón de nata y nuez cubierto de chocolate,Turrón de nata y nuez cubierto de chocolate,4.421818181818182
8480017692542,Torta de chocolate negro con almendras,Torta de chocolate negro con almendras,4.115909090909091
8480017096593,Turrón ron con pasas,Turrón ron con pasas,5.894545454545454
8480017130013,Turrón de yema tostada,Turrón de yema tostada,4.050909090909091
8480017113559,Chocolate negro relleno de menta,Chocolate negro relleno de menta,3.946363636363636
8480017031235,Garbanzos con verduras,Garbanzos con verduras,2.1159090909090907
8480017333131,Emmentaler Im Stück 250 gr.,,0.9440909090909092
8480017142771,Salchichón de pavo,Salchichón de pavo,4.222272727272728
8480017038692,Espinaca,Espinaca,1.9100000000000001
8480017165275,Mejillones en Escabeche,Mejillones en Escabeche,3.413636363636364
8436566520508,Salsa de Carolina Reaper,Salsa de Carolina Reaper,4.080909090909091
8412883017013,Pimentón de La Vera picante,Pimentón de La Vera picante,4.421818181818182
8480017574664,Cardo,Cardo,2.39
8480017174826,Queso de oveja curado en aceite,Queso de oveja curado en aceite,4.499999999999999
8480017111142,4 donuts natures sucrés,,0.9440909090909092
8480017828682,Chocolate con leche almendras,Chocolate con leche almendras,4.126363636363636
8480017110558,Barre aux fruits des bois,,0.9440909090909092
8480017370372,Morango,Morango,0.0
8480017110541,Línea chocolate,,0.9440909090909092
8480017185440,Paté de atún en aceite de oliva,Paté de atún en aceite de oliva,4.494999999999998
8480017167903,Pipasde calabaza,,0.9440909090909092
8480017013897,Menestra de verduras ultracongelada,Menestra de verduras ultracongelada,4.017272727272727
8410770910010,Lentejas con quinoa y verduritas,Lentejas con quinoa y verduritas,4.421818181818182
8480017086235,Rollitos de primavera con carne,Rollitos de primavera con carne,4.009090909090909
8480017027641,Callos con garbanzos,Callos con garbanzos,1.765
8480017011435,Tostas,Tostas,1.669090909090909
8410282205345,Guindas al licor,Guindas al licor,7.167272727272725
413419,Bebida de soja light,Bebida de soja light,4.421818181818182
8480017017109,Chili con carne,Chili con carne,1.7809090909090912
8480017146496,Café intenso,Café intenso,3.363636363636364
8422837114088,Kiwi,Kiwi,2.14
8480017149022,Natural,Natural,2.037272727272727
8480017139566,Delicious frutos del Bosque,,0.9440909090909092
8480017179234,Aceituna gordal,Aceituna gordal,1.5554545454545454
8480017153623,Delicious mini sticks de chocolate negro 62% cacao,Delicious mini sticks de chocolate negro 62% cacao,3.8163636363636355
12330065,Cacao Instantaneo,Cacao Instantaneo,3.4740909090909096
8410667021270,Surtido de encurtidos,Surtido de encurtidos,4.1445454545454545
8480017438683,Naranja,,0.9440909090909092
8480017162823,Cebollas,Cebollas,1.4616666666666667
8480017012968,Colorante alimentario,Colorante alimentario,2.9086363636363637
8480017038739,Medias noches,Medias noches,4.246363636363636
8480017003164,Judia verde redonda,,0.9440909090909092
8480017121394,Salteado de verduras con lomo,Salteado de verduras con lomo,4.032727272727272
8480017114167,Judia Helda,Judia Helda,0.0
8480017578846,Cebolla morada,Cebolla morada,1.399047619047619
8428775018761,Clementinas,Clementinas,0.0
8437002738341,Crema de calabaza,Crema de calabaza,3.9804545454545446
8410184138321,Arroz basmati 5 bolsitas caja 500 g,Arroz basmati 5 bolsitas caja 500 g,4.421818181818182
8425991411901,Horchata natural granizada sin gluten,Horchata natural granizada sin gluten,2.600454545454545
8436048621099,Champiñones frescos,Champiñones frescos,1.7990909090909093
2000000013607,Brócoli,Brócoli,1.71
8480017096814,Arroz blanco Variedad Arborio,Arroz blanco Variedad Arborio,1.5995454545454548
8480017008862,Arroz blanco Variedad Bomba,Arroz blanco Variedad Bomba,1.5995454545454544
2900332011263,Mezcla de verduras y hortalizas para puré,Mezcla de verduras y hortalizas para puré,4.421818181818182
8480017204875,Mezcla de frutas en almíbar,Mezcla de frutas en almíbar,3.940909090909091
8413295300212,Altramuces encurtidos,Altramuces encurtidos,1.4615
8480017330765,"Barrita de chocolate, caramelo y galleta","Barrita de chocolate, caramelo y galleta",4.421818181818182
8480017419965,Waffer recheio sabor baunilha,,0.9440909090909092
8480017018328,Espárragos Blancos Delgados,Espárragos Blancos Delgados,3.103636363636363
8410175059529,Mermelada de piña,Mermelada de piña,4.082272727272727
8480017535818,Pomelos,Pomelos,0.0
8480017034915,Calabacines,Calabacines,1.2225
8480017161833,Melón Variedad Galia,Melón Variedad Galia,2.1925
8480017086198,Bombones rellenos de menta - DESCATALOGADO,Bombones rellenos de menta - DESCATALOGADO,4.421818181818182
8480017061171,Bebida de soja - Pack de 3,Bebida de soja - Pack de 3,4.421818181818182
8480017032300,Agua mineral natural Fuente Primavera,Agua mineral natural Fuente Primavera,1.219090909090909
8411030025307,Burger meat 4UDS Mixta Pavo+Pollo,Burger meat 4UDS Mixta Pavo+Pollo,2.150909090909091
84107091,Ambar Export,Ambar Export,4.199090909090909
8480017093516,Mix de encurtidos,Mix de encurtidos,3.9899999999999993
8410770100138,Risotto al curry,Risotto al curry,1.5409090909090912
8480017172938,Delicious delicias de fruta,Delicious delicias de fruta,3.9890909090909092
8436033879283,Atun claro al natural,Atun claro al natural,3.0895454545454544
8413030007130,Puerro,Puerro,1.415
8480017058324,Petingas em tomate,Petingas em tomate,1.0981818181818184
8480017074676,Masa quebrada,Masa quebrada,2.2890909090909095
8480017106315,Tronquitos pica,,0.9440909090909092
8480017223074,Dulce de membrillo,Dulce de membrillo,4.045
8480017193315,polvorones,polvorones,0.0
848001760524,Parrillada de verduras con pollo,Parrillada de verduras con pollo,3.931818181818181
8480017141552,Ensaladilla jardinera,Ensaladilla jardinera,1.9414285714285715
8480017103239,Nectar de melocoton,,0.9440909090909092
8480017108500,Florida,Florida,3.418636363636364
8480017006301,Bombones rellenos de cereza y licor,Bombones rellenos de cereza y licor,4.421818181818182
8410573100137,Patatas fritas lisas &quot;Marinas&quot; Con aceite de oliva,Patatas fritas lisas &quot;Marinas&quot; Con aceite de oliva,1.5063636363636363
8480017150974,Finas,,0.9440909090909092
8410069000224,Plumas sin gluten,Plumas sin gluten,3.1540909090909084
8410770022409,Ensaladilla,Ensaladilla,1.9433333333333334
8410770100121,Risotto Toscana con Tomate y Albahaca,Risotto Toscana con Tomate y Albahaca,4.421818181818182
2000000100266,Alga Wakame,Alga Wakame,4.974
8480017171979,Judías verdes planas troceadas congeladas &quot;Dia&quot;,Judías verdes planas troceadas congeladas &quot;Dia&quot;,2.109090909090909
8480017139467,Tableta de chocolate negro 85% cacao Origen Santo Domingo,Tableta de chocolate negro 85% cacao Origen Santo Domingo,4.062727272727272
8480017546715,Tableta de chocolate negro sin azúcares,Tableta de chocolate negro sin azúcares,4.267727272727272
8436032705378,Sopa de la abuela,Sopa de la abuela,4.421818181818182
8480017511768,Pipas de calabaza,Pipas de calabaza,4.046818181818181
8480017735867,Arroz integral,Arroz integral,1.5222727272727274
8480017130020,Turrón de coco,Turrón de coco,4.193181818181818
8410092140553,Salto Campestre,Salto Campestre,1.9649999999999999
8480017038685,Ensalada Gourmet,Ensalada Gourmet,2.2386363636363638
8410000005387,Caramelo Liquido,Caramelo Liquido,1.85
8480017120830,Alcaparras en vinagre,Alcaparras en vinagre,2.9740909090909087
8480017200020,Brocoli,Brocoli,1.9366666666666668
8480017574657,Acelgas categoría extra,Acelgas categoría extra,1.6172727272727272
8413030900585,Puertos Tabuenca,Puertos Tabuenca,3.5199999999999996
8480017032645,Figuras de mazapán,Figuras de mazapán,4.095454545454545
8411327521017,Cerveza negra,Cerveza negra,1.3399999999999999
8424219021298,Mixta cerdo+vacuno,Mixta cerdo+vacuno,3.475909090909091
8480017207463,Manzanilla,Manzanilla,1.8885714285714286
8410771400015,Turrón de cacahuete refinado,Turrón de cacahuete refinado,4.101818181818181
8480017129574,Te verde al limón,Te verde al limón,1.6772727272727275
8480017730572,Roscon de reyes,,0.9440909090909092
8424808112819,Zanahorias,Zanahorias,1.977272727272728
8410667020839,Cóctel imperial de aperitivos frasco 360 g,Cóctel imperial de aperitivos frasco 360 g,4.421818181818182
8480017077134,,Salsa César,1.729090909090909
8480017151759,Horchata,,0.9440909090909092
7790040872103,Traviata,Traviata,0.0
8480017825704,Palmeras de hojaldre al cacao,Palmeras de hojaldre al cacao,4.07090909090909
8480017512055,Bandeja de setas,Bandeja de setas,4.319999999999999
8480017156969,Marron glace,Marron glace,3.14
8480017139689,Setas shiitake,Setas shiitake,1.3816666666666666
8480017785411,Ajo picado,Ajo picado,1.2227272727272729
8480017492210,Galleta,,0.9440909090909092
8480017046307,Cereza,Cereza,1.05
8480017226440,El cencerro,El cencerro,3.2845454545454547
8413376014939,Santtum - Queso light,Santtum - Queso light,4.421818181818182
8440017004192,,,4.421818181818182
8480017516114,Chocolate negro,Chocolate negro con pepitas de cacao caramelizadas 72% cacao,4.107272727272728
8480017401618,Jamon serrano 200 gr,Jamon serrano 200 gr,2.1972727272727273
8436032130033,Nispero,Nispero,0.0
8480017507839,Pan Rallado con ajo y perejil,Pan Rallado con ajo y perejil,4.421818181818182
8480017061065,Salvauñas fibra verde,Salvauñas fibra verde,1.62
8480017139658,Surtido de confitados - pimiento piquillo y cebolla,Surtido de confitados - pimiento piquillo y cebolla,4.421818181818182
2000000020007,Picotas,Picotas,0.0
8480017172099,Chocolate Negro Frambuesa,Chocolate Negro Frambuesa,1.7450000000000003
8435065300154,Cebolla deshidratada,Cebolla deshidratada,1.2318181818181815
8410148061658,Semillas de girasol con cáscara tostadas aguasal,Semillas de girasol con cáscara tostadas aguasal,4.172272727272727
8480017661982,Menestra,Menestra,2.5700000000000003
8480017085054,Mini Cracker Light,Mini Cracker Light,2.0604545454545455
8480017028907,Pimientos Rojos Asados en Tiras,Pimientos Rojos Asados en Tiras,3.476363636363637
8410721003969,Perejil hoja,Perejil hoja,2.4086363636363637
8423104000080,Granizado sabor mojito,Granizado sabor mojito,1.6609090909090904
8480017230898,Bolacha Maria,,0.9440909090909092
8420035000516,Chalote,Chalote,0.0
8480017070531,Turrón de coco al cacao,Turrón de coco al cacao,4.07090909090909
8480017103079,Cookies aux pépites de chocolat et à la noix de coco,,0.9440909090909092
2402946009051,Calabaza,Calabaza,1.1785714285714286
8480017465955,Pimientos rojos enteros,Pimientos rojos enteros,2.14
8430236031110,Apio,Apio,0.0
8437008529509,Escarola fina,Escarola fina,1.66
8435065304015,Cayena,Cayena,1.67
2000000100276,Quinoa real,Quinoa real,3.2223076923076923
848001714332,Café soluble crema,Café soluble crema,4.782727272727272
8435065300031,Manzanilla dulce,Manzanilla dulce,2.6463636363636365
8480017013903,Judia verde redonda,Judia verde redonda,1.9118181818181816
8480017010155,Pepino holandes,Pepino holandes,1.4254545454545453
8480017115485,Tomates,Tomates,1.0777272727272729
8425991411925,Limón granizado sin gluten,Limón granizado sin gluten,2.708181818181818
8410934350096,Vinagre de sidra,Vinagre de sidra,3.905454545454545
8410770800007,Orientalischer Couscous - 4 Portionen,Orientalischer Couscous - 4 Portionen,4.421818181818182
8424631100014,Champiñon cultivado,Champiñon cultivado,1.25
8410091070080,Hornimans figura,Hornimans figura,2.57
2000000100265,Boletus,Boletus,2.0
8425531110011,Ajo Blanco Extra,Ajo Blanco Extra,2.762272727272727
8480017114655,Manzanas Variedad Golden Delicious,Manzanas Variedad Golden Delicious,1.732272727272727
2950666018001,Lombarda,Lombarda,0.0
8436032705255,Brocoli,Brocoli,1.9366666666666668
8436032701806,Judías verdes planas,Judías verdes planas,2.0081818181818183
8424631100137,Ajos tiernos,Ajos tiernos,2.5022727272727274
2974902003200,Pimientos rojos &quot;VegaTajo&quot;,Pimientos rojos &quot;VegaTajo&quot;,1.4740909090909091
8430236271097,Maíz dulce fresco en mazorca,Maíz dulce fresco en mazorca,3.155
8436543951103,Picotas,Picotas,0.0
8480017087775,Uvas pasas moscatel sin semillas,Uvas pasas moscatel sin semillas,3.005454545454546
8410184017190,Arroz Brillante Sabroz,Arroz Brillante Sabroz,1.8281818181818184
8410175047984,Mermelada De Melón,Mermelada De Melón,4.444090909090908
8480017155436,Chocolate mints,Chocolate mints,2.2495454545454545
8480017444035,Trucha ahumada,Trucha ahumada,3.5400000000000005
8410770200012,Tomate Deshidratado - Trevijano - 70 G,Tomate Deshidratado - Trevijano - 70 G,4.421818181818182
8436032702414,Pimientos verdes tipo italiano,Pimientos verdes tipo italiano,4.859545454545454
8480017142788,Chorizo de pavo,,4.22
2000000100222,Risotto de Otoño con Shiitake y Boletus,Risotto de Otoño con Shiitake y Boletus,4.421818181818182
8436032704821,Pepinos,Pepinos,1.14
8410133129813,Alubias rojas,Alubias rojas,1.7731818181818182
8480017144072,Delicious. Barquillos con chocolate con leche,Delicious. Barquillos con chocolate con leche,3.783181818181817
8480017139320,Tónica pimienta rosa,Tónica pimienta rosa,1.516818181818182
3269617108234,Paté de ciervo Belesa,Paté de ciervo Belesa,4.489090909090908
8480017130341,Vino de navarra,Vino de navarra,4.156363636363635
8480017029195,Fiambre da perna,Fiambre da perna,2.9681818181818183
8480017162373,,,4.421818181818182
8480017131010,,,4.421818181818182
8480017153616,,,0.9440909090909092
8480017041890,,,4.421818181818182
8480017519788,Havarti,Havarti,0.0
8480017086006,Empiñonadas,Empiñonadas,0.0
2000000100264,Cous Cous Mediterráneo,Cous Cous Mediterráneo,1.397333333333333
8410095107454,Brotes germinados,Brotes germinados,1.05
8437002483081,Nísperos,Nísperos,0.0
8480017099273,Aros de cebolla,Aros de cebolla,3.8431818181818174
8480017006394,Patatas fritas lisas &quot;Dia&quot; en aceite de oliva,Patatas fritas lisas &quot;Dia&quot; en aceite de oliva,1.5063636363636363
8480017106780,Tomate frito &quot;Dia&quot;,Tomate frito &quot;Dia&quot;,1.044090909090909
8480017108494,Zumo de naranja exprimida refrigerado con pulpa &quot;Dia&quot;,Zumo de naranja exprimida refrigerado con pulpa &quot;Dia&quot;,3.9445454545454535
8435065301205,Perejil seco molido,Perejil seco molido,1.530909090909091
8480017139474,Tableta de chocolate negro 72% cacao Origen Ecuador,Tableta de chocolate negro 72% cacao Origen Ecuador,4.13090909090909
8480017718525,Tableta de chocolate negro 74% cacao,Tableta de chocolate negro 74% cacao,4.092727272727272
8480017153609,Mini chocolates con frambuesa,Mini chocolates con frambuesa,2.464090909090909
8435065310115,Ajo molido deshidratado,Ajo molido deshidratado,1.274545454545454
8435065310405,Orégano seco molido,Orégano seco molido,1.5299999999999998
8480017516763,Menestra especial,Menestra especial,2.1386363636363637
8480017005366,Tortitas de maíz,Tortitas de maíz,3.9463636363636367
8480017070548,Peladillas,Peladillas,0.0
8436534681620,Gazpacho,Gazpacho,2.0011111111111117
8480017121783,5 brotes,5 brotes,4.421818181818182
8480017006684,Tónica,Tónica,1.7726666666666668
8480017156983,Castañas en almibar,Castañas en almibar,3.325454545454545
8435065300550,Infusión relajante,Infusión relajante,2.058181818181818
8480017611208,Tortas de aceite,Tortas de aceite,4.204090909090909
2303829001363,Chirimoyas,Chirimoyas,0.0
8480017055118,Uvas blancas y rojas,Uvas blancas y rojas,4.421818181818182
8480017270184,Ciruelas variedad Claudia,Ciruelas variedad Claudia,1.4913333333333334
8433329000963,Guindillas malaguetas,Guindillas malaguetas,0.0
8480017139313,Delicious tónica ginger cardamomo,Delicious tónica ginger cardamomo,1.6304545454545454
8412600023617,Cacahuetes dorados a la miel y sal,,0.9440909090909092
8413700008245,Laurel en hojas,Laurel en hojas,3.2459090909090906
8480017558237,"Mermelada de higo.

","Mermelada de higo.

",3.8409090909090895
8436012121266,TOMATE MINIKUMATO,TOMATE MINIKUMATO,1.0686363636363636
8480017153029,Sal reducida en sodio,Sal contenido recucido en sodio,3.0649999999999995
8480017836847,Dianitos sabor maiz,Dianitos sabor maiz,1.606818181818182
8436533962010,Mezcla de setas &quot;Olmo Mazcuñán&quot;,Mezcla de setas &quot;Olmo Mazcuñán&quot;,4.4409090909090905
8412395003283,Tomate natural rallado,Tomate natural rallado,1.469090909090909
8437002206109,Perejil fresco,Perejil fresco,1.9022727272727276
8480017075291,Paleta curada,Paleta curada,3.444545454545455
8480017177629,Limones,Limones,0.9304545454545454
2000000100281,Arroz integral con trigueros,Arroz integral con trigueros,2.460909090909091
8480017087805,Nueces,Nueces,1.9842857142857144
8480017532961,Espinacas,Espinacas,1.9100000000000001
